wavelength_nm,mean,std,min,max,n_pixels,class_name
414.13,0.012979803341158797,0.003849243312882819,0.003,0.0369,29391,forest
417.32,0.013279636623456145,0.003945792882798271,0.0027,0.0385,29391,forest
420.52,0.013733170018032727,0.0040900132837301964,0.0032,0.0383,29391,forest
423.72,0.014125388724439452,0.004229078420285062,0.0035,0.0364,29391,forest
426.91,0.015289238202170779,0.004472916593542171,0.0047,0.0428,29391,forest
430.11,0.01695778299479441,0.004816454928568975,0.005,0.0461,29391,forest
433.31,0.014225392126841558,0.004587249811391451,0.0035,0.0406,29391,forest
436.5,0.015491960123847544,0.004811870919020543,0.0041,0.0426,29391,forest
439.7,0.015341570548807457,0.004862038020796167,0.0039,0.0441,29391,forest
442.9,0.015497978973155012,0.0049638829617081656,0.005,0.0417,29391,forest
446.09,0.015817352250689032,0.005073765059594725,0.0052,0.0431,29391,forest
449.29,0.015004402708312112,0.005043804139773137,0.004,0.0414,29391,forest
452.49,0.015945071620564088,0.005252225256701478,0.0053,0.0444,29391,forest
455.68,0.015228447483923543,0.005176307573015963,0.0042,0.0421,29391,forest
458.88,0.016445561566465816,0.005428039618835929,0.0046,0.0452,29391,forest
462.08,0.016082079548160953,0.0054165325767271885,0.0052,0.0459,29391,forest
465.27,0.015647436290020734,0.005362251982078764,0.005,0.045,29391,forest
468.47,0.015142285053247542,0.005308126776172877,0.0047,0.045,29391,forest
471.67,0.015430135075363166,0.0054177362984600035,0.0045,0.0444,29391,forest
474.86,0.0158929808444763,0.0055801616049050455,0.0053,0.0451,29391,forest
478.06,0.016744404749753455,0.00584547185869566,0.0057,0.047,29391,forest
481.26,0.017334405089993437,0.006021541712824497,0.0062,0.0483,29391,forest
484.45,0.017550719608043153,0.006063112948652268,0.0059,0.0494,29391,forest
487.65,0.01664910686944985,0.0057740105199089375,0.0055,0.0466,29391,forest
490.85,0.016543884182232616,0.00592492402267226,0.0049,0.0471,29391,forest
494.04,0.016505144431968977,0.006023100935956428,0.0052,0.0463,29391,forest
497.24,0.017802636861624067,0.006381204446012065,0.0059,0.0487,29391,forest
500.43,0.01880524990643394,0.006638673336281375,0.0062,0.0515,29391,forest
503.63,0.01762203055357091,0.006516458303917454,0.0056,0.0484,29391,forest
506.83,0.018573872954305674,0.00689672868254508,0.0061,0.0496,29391,forest
510.03,0.019293021673301117,0.007224781599779915,0.0058,0.0487,29391,forest
513.22,0.020697080739001842,0.00777937049457394,0.0066,0.0529,29391,forest
516.42,0.022817682283692076,0.008570356025239539,0.0072,0.0557,29391,forest
519.61,0.022287400905039043,0.008706142201329882,0.0068,0.0526,29391,forest
522.81,0.023393259841447925,0.009238564738116382,0.0066,0.0544,29391,forest
526.01,0.025730580790037746,0.010109647752469066,0.0072,0.0589,29391,forest
529.2,0.02597502636861614,0.010332108420923882,0.0068,0.061,29391,forest
532.4,0.027869306930693,0.010996796158411275,0.0075,0.0658,29391,forest
535.6,0.028893133952570486,0.011399313020542387,0.0075,0.0679,29391,forest
538.79,0.030494750093566152,0.01194554575081321,0.0083,0.0713,29391,forest
541.99,0.030562420468851,0.012031317028158066,0.008,0.0716,29391,forest
545.19,0.030579949644448854,0.012082138014885191,0.008,0.0718,29391,forest
548.38,0.030836215167908625,0.01220503314394322,0.0078,0.0733,29391,forest
551.58,0.03116918104181541,0.012379536292701353,0.0081,0.0734,29391,forest
554.78,0.031543584770848135,0.012525590882063386,0.0077,0.0729,29391,forest
557.97,0.03226532612024098,0.012738948340677164,0.0088,0.0751,29391,forest
561.17,0.030700258582559085,0.012169787385558161,0.0079,0.0719,29391,forest
564.37,0.029896049811166513,0.011872686051852304,0.0076,0.0699,29391,forest
567.56,0.029246942941716956,0.011604833065897692,0.0076,0.0683,29391,forest
570.76,0.028794692252730326,0.011374655051608812,0.0078,0.0676,29391,forest
573.96,0.027450678779218057,0.010834937227066552,0.0077,0.0651,29391,forest
577.15,0.026262498724099238,0.010358127201310732,0.0071,0.0629,29391,forest
580.35,0.025796546561872746,0.010113155772692815,0.0069,0.0638,29391,forest
583.55,0.02579218808478792,0.010049524738921706,0.0071,0.0645,29391,forest
586.74,0.026025694940628074,0.010090615901311805,0.0074,0.065,29391,forest
589.94,0.025758691436154054,0.01001390917205564,0.0072,0.0655,29391,forest
593.14,0.02503871253104693,0.00977931838874387,0.0071,0.0647,29391,forest
596.33,0.024896811949236087,0.009714795511479456,0.0072,0.0652,29391,forest
599.53,0.024724350991800353,0.009639234187749224,0.0068,0.066,29391,forest
602.73,0.025014273076792194,0.009715046510354063,0.0071,0.0677,29391,forest
605.92,0.024996373039365777,0.009652963434858655,0.0071,0.0672,29391,forest
609.12,0.024561090129631574,0.00949373594573226,0.0073,0.0679,29391,forest
612.32,0.02383834507162079,0.009188445902966844,0.0071,0.0678,29391,forest
615.51,0.023611775713653825,0.0090379985228627,0.0069,0.0677,29391,forest
618.71,0.02292936953489158,0.008784934225747705,0.0066,0.0676,29391,forest
621.91,0.02297594501718237,0.008759438118159804,0.0068,0.0689,29391,forest
625.1,0.023246810248035127,0.00882786379937516,0.007,0.0708,29391,forest
628.3,0.02307916709196695,0.008768462064827646,0.007,0.0712,29391,forest
631.5,0.022694682045524082,0.00864926731404911,0.0063,0.0727,29391,forest
634.69,0.022748909530128154,0.008677036846952021,0.0065,0.0723,29391,forest
637.89,0.022545704467353947,0.008603655851903836,0.0068,0.0723,29391,forest
641.09,0.02267246435983809,0.008612459274814655,0.0069,0.0743,29391,forest
644.28,0.022632101663774558,0.008562699126724879,0.0069,0.0756,29391,forest
647.48,0.02265783062842353,0.008513885372743377,0.007,0.0776,29391,forest
650.67,0.021219757748970614,0.007974206198781577,0.0066,0.0755,29391,forest
653.87,0.020983239767275775,0.007830350918419432,0.0065,0.0766,29391,forest
657.07,0.020769555306046007,0.007676194266967256,0.0063,0.0753,29391,forest
660.27,0.01930606988533909,0.007169869654696965,0.0056,0.074,29391,forest
663.46,0.019985342451770947,0.007318390389149552,0.0062,0.0774,29391,forest
666.66,0.019808111326596548,0.00714989043156515,0.0065,0.0778,29391,forest
669.85,0.019664023000238187,0.007044467127608586,0.0063,0.0786,29391,forest
673.05,0.019610836650675298,0.006966666218082627,0.0064,0.0802,29391,forest
676.25,0.019498121874043,0.006894023468862675,0.0062,0.0799,29391,forest
679.45,0.019509380422578507,0.006881311001270461,0.0066,0.0822,29391,forest
682.64,0.019799166411486404,0.006997973676425701,0.0066,0.083,29391,forest
685.84,0.02220663468408701,0.007778101290688734,0.0075,0.0911,29391,forest
689.03,0.030269633561294265,0.010376397675285379,0.0094,0.0981,29391,forest
692.23,0.0383276343098227,0.01317261614516949,0.0112,0.1051,29391,forest
695.43,0.046388309346398274,0.01606533371474621,0.0129,0.112,29391,forest
698.62,0.05444389098703729,0.019008150148097685,0.0141,0.119,29391,forest
701.82,0.06250900956075023,0.021985658131292985,0.0152,0.133,29391,forest
705.02,0.07056703412609269,0.024980628363705116,0.0163,0.1522,29391,forest
708.21,0.07862245245143136,0.027988252635608894,0.0175,0.1715,29391,forest
711.41,0.0866854377190298,0.031007775011631423,0.0186,0.1908,29391,forest
714.61,0.09474341465074324,0.034033080030107105,0.0197,0.2101,29391,forest
717.8,0.10280175223707991,0.03706331158518366,0.0209,0.2294,29391,forest
721.0,0.11086700010207158,0.04010080294519333,0.022,0.2488,29391,forest
724.2,0.11892241842740953,0.04313785064773445,0.0231,0.2681,29391,forest
727.39,0.12698048041917684,0.04617835307816632,0.0242,0.2874,29391,forest
730.59,0.135040696131469,0.04922192642801274,0.0254,0.3067,29391,forest
733.79,0.14310134394882962,0.052266869070960474,0.0265,0.3261,29391,forest
736.98,0.15115896022591796,0.05531281589135912,0.0276,0.3454,29391,forest
740.18,0.159220200061245,0.058361032072379915,0.0288,0.3647,29391,forest
743.38,0.16935984485046315,0.06151568219403604,0.0309,0.391,29391,forest
746.57,0.17929469225273068,0.06466817257980073,0.0336,0.4135,29391,forest
749.77,0.18543199618931017,0.06649779781580202,0.0342,0.4325,29391,forest
752.97,0.18822667143002958,0.0672840871570806,0.0354,0.4379,29391,forest
756.16,0.19102074784797993,0.06807396605886426,0.0365,0.4433,29391,forest
759.36,0.19381540607669145,0.06886861481327321,0.0377,0.4487,29391,forest
762.56,0.19660934980095757,0.06966684182817626,0.0384,0.4542,29391,forest
765.75,0.19940362015582805,0.0704689071261123,0.0391,0.4596,29391,forest
768.95,0.20219916300908297,0.07127500244433736,0.0398,0.4654,29391,forest
772.15,0.20499305569732326,0.0720846470383346,0.0405,0.4717,29391,forest
775.34,0.20893654860331243,0.07327612964596902,0.0408,0.4839,29391,forest
778.54,0.21090378006873026,0.07372357352962941,0.0407,0.4815,29391,forest
781.74,0.21034987581232292,0.07345500300445634,0.0416,0.4789,29391,forest
784.93,0.2116773161852281,0.07380469664533927,0.0425,0.4838,29391,forest
788.13,0.21308934027423396,0.07415576604447088,0.0409,0.4875,29391,forest
791.33,0.2141866659861857,0.07441356687568215,0.0414,0.489,29391,forest
794.52,0.215282967575107,0.0746722464396826,0.0419,0.4904,29391,forest
797.72,0.21637975230512793,0.07493261767015463,0.0425,0.4919,29391,forest
800.92,0.21747642815827986,0.07519325773742842,0.043,0.4933,29391,forest
804.11,0.21857231805654695,0.07545535185646284,0.0435,0.4948,29391,forest
807.31,0.21966873192473918,0.07571815042869802,0.0441,0.4962,29391,forest
810.51,0.22076562553162618,0.07598196782494983,0.0446,0.4979,29391,forest
813.7,0.22186199516858973,0.07624683145901916,0.0451,0.5003,29391,forest
816.9,0.22295866761933925,0.0765127443721532,0.0457,0.5027,29391,forest
820.1,0.22405518355959408,0.07677924514778625,0.0462,0.5051,29391,forest
823.29,0.225151641659011,0.07704701037262454,0.0467,0.5075,29391,forest
826.49,0.2262480555272011,0.07731563026168725,0.0473,0.5099,29391,forest
829.68,0.22734406110714264,0.07758532108811086,0.0478,0.5123,29391,forest
832.88,0.22844155693919868,0.07785622142628683,0.0482,0.5147,29391,forest
836.08,0.22953734136300283,0.07812697044110072,0.0485,0.5171,29391,forest
839.28,0.23063474533020387,0.07839948768895161,0.0488,0.5195,29391,forest
842.47,0.23173091762784406,0.07867298455406521,0.0491,0.5219,29391,forest
845.67,0.23203726310775327,0.07868671166747275,0.0482,0.5184,29391,forest
848.86,0.2359597665952157,0.07997323883252233,0.049,0.5298,29391,forest
852.06,0.23322398353237256,0.07898079650913273,0.0495,0.5135,29391,forest
855.26,0.23391719914259396,0.07907560096156249,0.0505,0.5254,29391,forest
858.46,0.2296859072505196,0.07776883396317068,0.0489,0.517,29391,forest
861.65,0.23407822122418404,0.07905749645550177,0.0486,0.5195,29391,forest
864.85,0.24341612058113066,0.08222849479538094,0.0523,0.553,29391,forest
868.04,0.2379713755911676,0.08025322543165454,0.0514,0.5285,29391,forest
871.24,0.23153440849239473,0.07802988459462186,0.0489,0.5158,29391,forest
874.44,0.23509767956177088,0.0791816994757814,0.0504,0.5167,29391,forest
877.63,0.23555473444251562,0.07928162512825553,0.0506,0.519,29391,forest
880.83,0.23827198121874038,0.08012787977944658,0.0518,0.5356,29391,forest
884.03,0.24030670953693362,0.08082071992715302,0.0521,0.5334,29391,forest
887.22,0.24268070497771388,0.08160213285625036,0.0547,0.539,29391,forest
890.42,0.24108805756864343,0.0811558370711444,0.0527,0.5392,29391,forest
893.62,0.24623346602701665,0.08328296287660457,0.0527,0.5423,29391,forest
896.81,0.2466255316253264,0.08342836001555437,0.0527,0.5433,29391,forest
900.01,0.24636823857643372,0.08301222054291899,0.053,0.5416,29391,forest
903.21,0.24628204212173807,0.0826745604521869,0.0534,0.5403,29391,forest
906.4,0.2457803715423098,0.08219942497378248,0.0537,0.5384,29391,forest
909.6,0.24542988329760804,0.08179677208314592,0.054,0.5385,29391,forest
912.8,0.24513915144091702,0.08143210899629667,0.0543,0.5388,29391,forest
915.99,0.24464569426014712,0.08101007245490921,0.0546,0.5385,29391,forest
919.19,0.24390340580449862,0.0805148797900779,0.055,0.5376,29391,forest
922.39,0.24303168657071905,0.07999048047314831,0.0551,0.5364,29391,forest
925.58,0.2422956074988955,0.07953433686029582,0.055,0.5355,29391,forest
928.78,0.24161096594195575,0.07911460971540688,0.0549,0.5347,29391,forest
931.98,0.24084899459018072,0.07868700462656288,0.0548,0.5337,29391,forest
935.17,0.23928911231329184,0.07799946831026405,0.0547,0.5308,29391,forest
938.37,0.23790250416794154,0.07739414623366768,0.0546,0.5283,29391,forest
941.57,0.23666905515293904,0.0768633987908877,0.0544,0.5263,29391,forest
944.76,0.23579085434316704,0.07647609753224457,0.0542,0.525,29391,forest
947.96,0.23459485216562864,0.07599164676053403,0.054,0.5229,29391,forest
951.16,0.23321612398353173,0.07546025217296631,0.0538,0.5203,29391,forest
954.35,0.23194891633493342,0.07499037274333684,0.0536,0.518,29391,forest
957.55,0.23099477731278292,0.07465421698234173,0.0534,0.5166,29391,forest
960.75,0.23023213568779566,0.0744072778487719,0.0533,0.5157,29391,forest
963.94,0.22940796842570943,0.07415908466607131,0.0531,0.5146,29391,forest
967.14,0.22860247354632304,0.07394006653317729,0.0529,0.5137,29391,forest
970.1,0.2278246197815646,0.07375245370976612,0.0527,0.5128,29391,forest
975.54,0.22723819196352607,0.07364307835850155,0.0525,0.5123,29391,forest
980.98,0.2263671021741345,0.0735564949338797,0.0522,0.5119,29391,forest
986.42,0.2259489027253228,0.07369457795115061,0.0519,0.5127,29391,forest
991.86,0.22552317035827363,0.07388989530469203,0.0516,0.5191,29391,forest
997.3,0.22476268585621395,0.07401258882178567,0.0512,0.5259,29391,forest
1002.74,0.2262046442788615,0.07494579995887121,0.0509,0.538,29391,forest
1008.18,0.233244758599572,0.07766551761937943,0.052,0.5591,29391,forest
1013.62,0.23723246572079845,0.07876765046313818,0.0534,0.5663,29391,forest
1019.06,0.2402064475519713,0.07955491473779622,0.0539,0.5708,29391,forest
1024.5,0.24273612670545366,0.08017198842377023,0.055,0.5746,29391,forest
1029.95,0.242544180191215,0.07990038209929187,0.0553,0.5721,29391,forest
1035.39,0.24235503385390156,0.07965746739657305,0.0556,0.568,29391,forest
1040.83,0.24393799122180337,0.0800242101294296,0.0558,0.571,29391,forest
1046.27,0.24795859957129712,0.08115065595771058,0.0564,0.5774,29391,forest
1051.71,0.25129064679663826,0.08206786728300702,0.0571,0.5832,29391,forest
1057.15,0.2551642237419613,0.0831355574525039,0.059,0.5912,29391,forest
1062.59,0.2565269810486197,0.08348154610725037,0.0588,0.5938,29391,forest
1068.03,0.257540104113503,0.08368524915910448,0.059,0.5956,29391,forest
1073.47,0.2527150420196644,0.08205365963527424,0.0592,0.5873,29391,forest
1078.91,0.24811825728964648,0.08044913848550643,0.0577,0.5755,29391,forest
1084.35,0.24848956483277246,0.08072331405972157,0.0571,0.5807,29391,forest
1089.79,0.24375139668605994,0.07916696851411201,0.0566,0.5725,29391,forest
1095.23,0.24115775577557716,0.07838551334657001,0.056,0.5699,29391,forest
1100.67,0.23940890068388287,0.07791327486718887,0.0554,0.5697,29391,forest
1106.11,0.23709001735225102,0.07724101824809838,0.0548,0.5679,29391,forest
1111.55,0.23469711136062005,0.07654687996082625,0.0542,0.5659,29391,forest
1116.99,0.23165372733149653,0.07562371537840662,0.0536,0.5622,29391,forest
1122.43,0.22807450920349773,0.07453070584935281,0.053,0.5573,29391,forest
1127.87,0.22425060732877528,0.07337962004438592,0.0524,0.5519,29391,forest
1133.32,0.2194519002415717,0.07188962049505118,0.0518,0.5439,29391,forest
1138.76,0.212664621823007,0.06968308754022146,0.0512,0.5303,29391,forest
1144.2,0.20566456738457253,0.06739753174625449,0.0504,0.5159,29391,forest
1149.64,0.19962073083597054,0.06545965368521817,0.049,0.5041,29391,forest
1155.08,0.19473698411078197,0.06395734905442702,0.0479,0.4955,29391,forest
1160.52,0.1903556020550498,0.06263764407903137,0.047,0.4883,29391,forest
1165.96,0.1866675785104289,0.06154724634801761,0.0461,0.4827,29391,forest
1171.4,0.18370965601714662,0.06072271398630505,0.0455,0.4791,29391,forest
1176.84,0.18102897485624658,0.06000467540619405,0.045,0.4763,29391,forest
1182.28,0.17902367051138116,0.059512737772772856,0.0446,0.4751,29391,forest
1187.72,0.18293195195808254,0.0609702546701219,0.0454,0.4891,29391,forest
1193.16,0.18683979449491184,0.062436823592588925,0.0448,0.503,29391,forest
1198.6,0.18797638732945385,0.06262083415381296,0.0458,0.5051,29391,forest
1204.04,0.19203654179850896,0.06398053538062434,0.0464,0.5158,29391,forest
1209.48,0.1958206287639076,0.0651379618888484,0.047,0.5256,29391,forest
1214.92,0.20135141369807302,0.06685658969414411,0.0486,0.5366,29391,forest
1220.36,0.20354217957878298,0.06737967684182773,0.0501,0.5388,29391,forest
1225.8,0.20981119390289604,0.06920712774489128,0.0509,0.5513,29391,forest
1231.24,0.21269478071518488,0.06996909533101972,0.0522,0.5553,29391,forest
1236.69,0.2145010139158238,0.0703481627650357,0.0525,0.5576,29391,forest
1242.13,0.21591401109183023,0.07057416797316765,0.0526,0.5607,29391,forest
1247.57,0.2172675376816035,0.07088439313983776,0.0528,0.5593,29391,forest
1253.01,0.21745591847844478,0.07077602709363952,0.0535,0.5591,29391,forest
1258.45,0.21490611071416407,0.06978437803387329,0.0533,0.5536,29391,forest
1263.89,0.2175261236432911,0.07052688512252359,0.0528,0.5614,29391,forest
1269.33,0.23371946514239006,0.07574258889044437,0.0582,0.6015,29391,forest
1274.77,0.22573252015923287,0.07322559108745062,0.0516,0.5783,29391,forest
1280.21,0.22460508999353562,0.0726279510040582,0.0545,0.5755,29391,forest
1285.65,0.22105705147834415,0.07155909957572484,0.055,0.5682,29391,forest
1291.09,0.21590810452179254,0.06989022865586202,0.0538,0.5581,29391,forest
1296.53,0.2108989894865779,0.0683241270378764,0.0529,0.5492,29391,forest
1301.97,0.2045862202715123,0.0664394959950625,0.0517,0.5339,29391,forest
1307.41,0.19609260317784538,0.06392008554620722,0.0488,0.5184,29391,forest
1312.85,0.19140761797829264,0.06253044865770824,0.048,0.5108,29391,forest
1318.29,0.18010324929400165,0.059173577471959136,0.0444,0.4878,29391,forest
1323.73,0.16818593446973612,0.05548763177075918,0.0425,0.4604,29391,forest
1329.17,0.1586109353203363,0.05204631576001779,0.0385,0.4371,29391,forest
1334.61,0.15090299411384434,0.04946605390045873,0.0375,0.4171,29391,forest
1340.06,0.1458033411588577,0.04781012103187581,0.0364,0.4039,29391,forest
1345.5,0.1407791875063789,0.04619118489194239,0.0353,0.3909,29391,forest
1350.94,0.13397526793916625,0.043915280494539355,0.0341,0.3725,29391,forest
1356.38,0.12715629954748037,0.0416373996021906,0.0329,0.3541,29391,forest
1361.82,0.1207465958967036,0.03951860856822281,0.0317,0.3369,29391,forest
1367.26,0.11495233915144121,0.03763469001290666,0.0306,0.3218,29391,forest
1372.7,0.1093001497056918,0.035797009413231495,0.0295,0.307,29391,forest
1378.14,0.10189637303936576,0.03330371758651279,0.0284,0.2868,29391,forest
1383.58,0.09340467830288134,0.030407961815515402,0.0274,0.2632,29391,forest
1389.02,0.08525182538872496,0.027642018660547756,0.026,0.2404,29391,forest
1394.46,0.07743734476540444,0.02500946678220805,0.0234,0.2245,29391,forest
1399.9,0.06996066823177127,0.02251487209709818,0.021,0.2117,29391,forest
1405.34,0.0640890748868702,0.020605892039131657,0.0192,0.2011,29391,forest
1410.78,0.05877473376203587,0.01890375728200768,0.0175,0.1912,29391,forest
1416.22,0.05368366846993979,0.017289665670228636,0.0158,0.1815,29391,forest
1421.66,0.050288105202272844,0.016267013740030117,0.0148,0.1755,29391,forest
1427.1,0.047235633357150385,0.01536426038402693,0.0138,0.1702,29391,forest
1432.54,0.044633809669626545,0.014615017088919227,0.013,0.1652,29391,forest
1437.98,0.042963829063318464,0.014181318187260194,0.0124,0.1609,29391,forest
1443.43,0.041270933278895014,0.013743221383699218,0.0119,0.1567,29391,forest
1448.87,0.040434354053961785,0.013615324166203065,0.0116,0.1565,29391,forest
1454.31,0.03982815147494136,0.013584856578443364,0.0114,0.1578,29391,forest
1459.75,0.039235116192030996,0.013576831242972119,0.0111,0.1592,29391,forest
1465.19,0.03939898948657775,0.013867967354421633,0.0111,0.1618,29391,forest
1470.63,0.039296094042394085,0.014095918839186369,0.011,0.1642,29391,forest
1476.07,0.03883542921302459,0.014215144722734153,0.0107,0.1633,29391,forest
1481.51,0.03805302643666429,0.014241724862535797,0.0101,0.16,29391,forest
1486.95,0.04206750365758243,0.016380129761238458,0.0101,0.1799,29391,forest
1492.39,0.04608181416079726,0.018566760031748227,0.0089,0.1998,29391,forest
1497.83,0.04789328025586038,0.019347009991356953,0.008,0.2076,29391,forest
1503.27,0.05099367833690567,0.020394207279416453,0.0098,0.2135,29391,forest
1508.71,0.05229294001565089,0.020961679504693232,0.0105,0.2179,29391,forest
1514.15,0.057612602497363066,0.02298238687708584,0.0122,0.2367,29391,forest
1519.59,0.059871528699261836,0.023833686216788847,0.012,0.242,29391,forest
1525.03,0.06213561974754203,0.024666914031323928,0.013,0.2495,29391,forest
1530.47,0.0642144057704738,0.025433017578412046,0.0135,0.2519,29391,forest
1535.91,0.06766244428566578,0.02672634184249352,0.0143,0.2615,29391,forest
1541.35,0.07029290258922817,0.027690663317446896,0.0156,0.2679,29391,forest
1546.8,0.0724848559082708,0.028439296867311514,0.0154,0.2728,29391,forest
1552.24,0.07453145180497407,0.02913658002479102,0.0156,0.2766,29391,forest
1557.68,0.07715844986560487,0.03010108319014459,0.016,0.2808,29391,forest
1563.12,0.07719057874859704,0.029976109678455026,0.0163,0.2785,29391,forest
1568.56,0.08243531012895108,0.03188964372918194,0.0171,0.2917,29391,forest
1574.0,0.08243996121261554,0.03176402387145166,0.018,0.2874,29391,forest
1579.44,0.08323205062774366,0.03201791757026354,0.0176,0.2902,29391,forest
1584.88,0.08454748392365051,0.0324691995655875,0.0175,0.2903,29391,forest
1590.32,0.08677095369330767,0.03319705698531354,0.0182,0.297,29391,forest
1595.76,0.08651521894457498,0.03302693325036397,0.019,0.2966,29391,forest
1601.2,0.09221953659283447,0.035095423374279865,0.0192,0.3126,29391,forest
1606.64,0.09410293627300735,0.03568633857216661,0.0207,0.318,29391,forest
1612.08,0.09813883501752266,0.03705471003371337,0.0206,0.3312,29391,forest
1617.52,0.09489053111496716,0.03566896418860768,0.0207,0.3188,29391,forest
1622.96,0.09722657616277032,0.036367722599429275,0.0212,0.3245,29391,forest
1628.4,0.09961667517267263,0.037127692982040966,0.0217,0.331,29391,forest
1633.84,0.09990100370861847,0.037123203821965024,0.0221,0.3305,29391,forest
1639.28,0.10255032492940017,0.03797419239434345,0.0232,0.3383,29391,forest
1644.72,0.10278659113334003,0.03800863145177967,0.0232,0.3398,29391,forest
1650.17,0.10298000748528476,0.038036755067253285,0.0229,0.3393,29391,forest
1655.61,0.10349633561294297,0.038204833583337316,0.0236,0.3398,29391,forest
1661.05,0.10350713483719587,0.038194795429279026,0.0231,0.3405,29391,forest
1666.49,0.10310257561838661,0.038051190442356705,0.0231,0.337,29391,forest
1671.93,0.10305364227144406,0.038115414497375356,0.0221,0.3382,29391,forest
1677.37,0.1040736960293962,0.03849274976005037,0.0213,0.3426,29391,forest
1682.81,0.10354389779184113,0.038314085230086656,0.0217,0.3403,29391,forest
1688.25,0.10100739341975405,0.03745234342490007,0.021,0.3332,29391,forest
1693.69,0.09911988023544623,0.036873723424816734,0.0215,0.3297,29391,forest
1699.13,0.09745707189275625,0.03633664075420308,0.0221,0.3253,29391,forest
1704.57,0.09533193154367084,0.0356465471443675,0.021,0.3206,29391,forest
1710.01,0.09328654690211322,0.03500154870468739,0.0205,0.3143,29391,forest
1715.45,0.09221027525432991,0.03469295221719405,0.0196,0.3116,29391,forest
1720.89,0.09003572522200716,0.033886370812812816,0.0178,0.3025,29391,forest
1726.33,0.08864596304991357,0.033461267060297735,0.0189,0.3013,29391,forest
1731.77,0.08600764859991175,0.03246173455463887,0.0181,0.2928,29391,forest
1737.21,0.08922106767377727,0.03368258738962163,0.0182,0.3012,29391,forest
1742.65,0.08562491919294964,0.0324439439461562,0.0179,0.291,29391,forest
1748.09,0.08621965907930988,0.03276427848912114,0.0179,0.2932,29391,forest
1753.54,0.08409568575414382,0.032037292318698764,0.0181,0.2905,29391,forest
1758.98,0.08182146235242142,0.03128964443679219,0.0163,0.2833,29391,forest
1764.42,0.0808522030553573,0.030902039579647496,0.0145,0.282,29391,forest
1769.86,0.07391850566499893,0.028394790557758044,0.0146,0.259,29391,forest
1775.3,0.07481662413664036,0.028708092226531978,0.015,0.2595,29391,forest
1780.74,0.06988528120853338,0.02671598881331643,0.0147,0.2422,29391,forest
1786.18,0.06792915518355917,0.025953192789235004,0.0144,0.2395,29391,forest
1791.62,0.06593994760300731,0.025182315289069744,0.0141,0.2371,29391,forest
1797.06,0.06384685447926253,0.024372927731733097,0.0136,0.2325,29391,forest
1802.5,0.06097637371984668,0.02324472949434851,0.013,0.2248,29391,forest
1807.94,0.05034057024259127,0.018932098348436704,0.0106,0.1857,29391,forest
1813.38,0.04008944574869864,0.014850295055021808,0.0084,0.1476,29391,forest
1818.82,0.030224582355142544,0.011063674178604979,0.0063,0.1239,29391,forest
1824.26,0.020746575482290718,0.00775396728148394,0.0042,0.1213,29391,forest
1829.7,0.018606583648055532,0.007072257008365992,0.0038,0.1188,29391,forest
1835.14,0.01761300057840839,0.006751156876600714,0.0035,0.1164,29391,forest
1840.58,0.01664725596270955,0.006445626311189437,0.0033,0.114,29391,forest
1846.02,0.015708750978190626,0.006155772758375106,0.0031,0.1118,29391,forest
1851.46,0.01489610084719816,0.005906763768970775,0.003,0.1096,29391,forest
1856.91,0.014366983090061623,0.00573267883996872,0.0028,0.1075,29391,forest
1862.35,0.013847827566261791,0.005562716500223731,0.0027,0.1055,29391,forest
1867.79,0.01333675955224385,0.005397386879806557,0.0026,0.1035,29391,forest
1873.23,0.012834639855738086,0.005235795486626383,0.0025,0.1015,29391,forest
1878.67,0.012291841039774081,0.005067485514666237,0.0024,0.0995,29391,forest
1884.11,0.011737521690313378,0.00489901977224186,0.0023,0.0975,29391,forest
1889.55,0.01119457316865707,0.004736059913608309,0.0021,0.0955,29391,forest
1894.99,0.010664417678881275,0.004578352944662421,0.002,0.0936,29391,forest
1900.43,0.010174903882140809,0.0044301998381298955,0.0019,0.0916,29391,forest
1905.87,0.010011673641590963,0.004341038509118658,0.0019,0.0897,29391,forest
1911.31,0.009838185158722075,0.004252476550801847,0.0018,0.0878,29391,forest
1916.75,0.009654819502568876,0.004163307759595056,0.0018,0.0859,29391,forest
1922.19,0.009549886019529774,0.004094297219500769,0.0017,0.084,29391,forest
1927.63,0.009554931781838036,0.0040532872105534115,0.0016,0.0822,29391,forest
1933.07,0.009534343846755862,0.0040126414452987934,0.0016,0.0805,29391,forest
1938.51,0.009487319247388616,0.003971160855437406,0.0015,0.0788,29391,forest
1943.95,0.009414153992718763,0.00392795111959473,0.0014,0.0772,29391,forest
1949.39,0.009356891565445197,0.0038978515540541124,0.0013,0.0755,29391,forest
1954.83,0.009790279337212094,0.004070594109016782,0.0012,0.0739,29391,forest
1960.28,0.010147660848559106,0.004244047676845675,0.0011,0.0722,29391,forest
1965.72,0.010426351604232557,0.004411267011633429,0.001,0.0705,29391,forest
1971.16,0.01032674968527788,0.004418273667932334,0.0008,0.0688,29391,forest
1976.6,0.010092661018679125,0.004372673452189994,0.0006,0.067,29391,forest
1982.04,0.009956347181109843,0.00438844935001311,0.0004,0.0666,29391,forest
1987.48,0.015052356163451358,0.0068054292376802964,0.0001,0.1012,29391,forest
1992.92,0.020150505256711113,0.009366305304624676,0.0,0.1359,29391,forest
1998.36,0.024035521077881105,0.011525336788615155,0.0,0.1584,29391,forest
2003.8,0.03054918172229604,0.01784747999822906,0.0,0.1627,29391,forest
2009.24,0.021458398829573618,0.01121147161416921,0.0,0.1384,29391,forest
2014.68,0.024982011500119146,0.012946173880794125,0.0,0.1498,29391,forest
2020.12,0.02099537613555173,0.009984850214599628,0.0,0.1278,29391,forest
2025.56,0.023196638426729366,0.010417941227390908,0.0,0.1409,29391,forest
2031.0,0.0248510088122216,0.010986036433374724,0.0014,0.1458,29391,forest
2036.44,0.026628913613010854,0.011650829387816577,0.002,0.1583,29391,forest
2041.88,0.028297948351536182,0.012302776730763786,0.0022,0.1651,29391,forest
2047.32,0.02906755809601575,0.012652378259674234,0.0014,0.1671,29391,forest
2052.76,0.03126074988942167,0.013666689686153862,0.0,0.1737,29391,forest
2058.2,0.027272022047565472,0.011950127912247548,0.0,0.1499,29391,forest
2063.65,0.029890418835698054,0.013034782350840783,0.0,0.1634,29391,forest
2069.09,0.029003575924602638,0.012616724150139765,0.0004,0.1538,29391,forest
2074.53,0.02947318907148456,0.012773878230817081,0.0,0.1554,29391,forest
2079.97,0.030094780715184993,0.012947664065066216,0.003,0.1597,29391,forest
2085.41,0.03147096390051401,0.013525121159084072,0.0025,0.1612,29391,forest
2090.85,0.03193398659453593,0.013677223836776062,0.0024,0.1638,29391,forest
2096.29,0.03264773229900291,0.013929593396060579,0.0038,0.1659,29391,forest
2101.73,0.03296012044503391,0.014044733237672203,0.004,0.166,29391,forest
2107.17,0.03317627845258702,0.014109458314470127,0.0033,0.1646,29391,forest
2112.61,0.03420500153108114,0.014516024073725545,0.0031,0.1649,29391,forest
2118.05,0.03469397774829034,0.014693658253028867,0.0032,0.1673,29391,forest
2123.49,0.03476853458541751,0.014682777917087882,0.0048,0.1677,29391,forest
2128.93,0.03567597563880107,0.015034724518731765,0.0032,0.168,29391,forest
2134.37,0.036411421863835995,0.015324296386370792,0.0046,0.1729,29391,forest
2139.81,0.03682912796434275,0.0154684138246983,0.0002,0.1712,29391,forest
2145.25,0.037541873362594375,0.015713003823628623,0.0041,0.1728,29391,forest
2150.69,0.03903335715014803,0.016296920698341846,0.0041,0.1814,29391,forest
2156.13,0.03807727195399965,0.01595245133392532,0.0035,0.1754,29391,forest
2161.57,0.039700677078017076,0.016577036774755038,0.0038,0.1828,29391,forest
2167.02,0.03901284406791207,0.01629519385217523,0.0037,0.1779,29391,forest
2172.46,0.03952938994930462,0.016466255071272144,0.0033,0.1778,29391,forest
2177.9,0.03996467285903869,0.016629726240151202,0.0023,0.1815,29391,forest
2183.34,0.0409409104828005,0.017038164204021374,0.0048,0.1872,29391,forest
2188.78,0.03981986662583787,0.016558215498845247,0.0025,0.1777,29391,forest
2194.22,0.0422053417712903,0.0175565662382768,0.0038,0.1894,29391,forest
2199.66,0.04278778877887813,0.017825091680338682,0.0043,0.1893,29391,forest
2205.1,0.04151439556326765,0.01734572116822385,0.0036,0.182,29391,forest
2210.54,0.04200133374162172,0.017565667962639753,0.0041,0.1833,29391,forest
2215.98,0.0436881936647274,0.018224502613666527,0.0026,0.1873,29391,forest
2221.42,0.043372226191691135,0.018105119537349907,0.003,0.1929,29391,forest
2226.86,0.043140440951311615,0.01800115688683802,0.003,0.1885,29391,forest
2232.3,0.04311636215167891,0.01806672005776094,0.0015,0.193,29391,forest
2237.74,0.042222136028036206,0.017736568067945376,0.0032,0.1855,29391,forest
2243.18,0.04152935592528338,0.017477092392023795,0.0033,0.1803,29391,forest
2248.62,0.039898019801980475,0.01689574438885836,0.0007,0.1702,29391,forest
2254.06,0.03918153516382567,0.016638044689913322,0.0,0.1704,29391,forest
2259.5,0.03778189581844795,0.0160364508626332,0.0007,0.1713,29391,forest
2264.94,0.035772062876390905,0.015299020433594913,0.0017,0.1596,29391,forest
2270.39,0.034864084243475944,0.014925404453673314,0.0008,0.1535,29391,forest
2275.83,0.03369886019529771,0.014528665112911671,0.0001,0.1494,29391,forest
2281.27,0.033172852233676935,0.014265869715786026,0.0014,0.1523,29391,forest
2286.71,0.032710333095165134,0.014101038805744886,0.0003,0.1546,29391,forest
2292.15,0.033183518764247764,0.014312401221804171,0.001,0.1566,29391,forest
2297.59,0.03098043959035089,0.013461392205852461,0.0,0.1519,29391,forest
2303.03,0.029608754380592912,0.012870848706564885,0.0003,0.1423,29391,forest
2308.47,0.028689945901806485,0.012473884715612841,0.0002,0.1367,29391,forest
2313.91,0.030352573917185665,0.013178557525567194,0.0,0.1489,29391,forest
2319.35,0.03074343846755806,0.013413758447552908,0.0003,0.1532,29391,forest
2324.79,0.02628963628321616,0.011564305089447991,0.0,0.1271,29391,forest
2330.23,0.027201064951856077,0.011935461039987204,0.0,0.1326,29391,forest
2335.67,0.027873917185532983,0.012268521124362101,0.0,0.1397,29391,forest
2341.11,0.02786511176890896,0.012358408864826547,0.0,0.1341,29391,forest
2346.55,0.025607080398761584,0.011688010154579886,0.0,0.1356,29391,forest
2351.99,0.02502995474805197,0.011708834120267141,0.0,0.1254,29391,forest
2357.43,0.022079949644448975,0.010352229443523762,0.0,0.1167,29391,forest
2362.87,0.023897179408662445,0.01099560445472198,0.0,0.1346,29391,forest
2368.32,0.029507008948317637,0.013751233661947294,0.0,0.1543,29391,forest
2373.76,0.023478088530502594,0.011334363959357075,0.0,0.1259,29391,forest
2379.2,0.02343288761865879,0.011538584546590389,0.0,0.1233,29391,forest
2384.64,0.02409919022830107,0.01222624534435636,0.0,0.136,29391,forest
2390.08,0.02005012078527431,0.010233782258867919,0.0,0.1096,29391,forest
2395.52,0.020787336259399058,0.010321770065084767,0.0,0.1178,29391,forest
2400.96,0.02142634139702626,0.010681368709694177,0.0,0.1146,29391,forest
2406.4,0.02458725119934671,0.0127916704952885,0.0,0.1331,29391,forest
2411.84,0.022862648429791552,0.012500877567624656,0.0,0.1216,29391,forest
2417.28,0.024393392535129954,0.01489884885043347,0.0,0.1152,29391,forest
2422.72,0.016387247796944508,0.009442993518466662,0.0,0.0817,29391,forest
2428.16,0.017331822666802783,0.009491245095117284,0.0,0.0921,29391,forest
2433.6,0.0332058793508222,0.0182300778051784,0.0,0.196,29391,forest
2439.04,0.016004161137763328,0.009191006820031586,0.0,0.0819,29391,forest
2444.48,0.03178598890816942,0.01847632360246381,0.0,0.1732,29391,forest
2449.92,0.0359770746146776,0.025343800940266767,0.0,0.1942,29391,forest
2455.36,0.015978061311285686,0.010132901671732164,0.0,0.0744,29391,forest
2460.8,0.025053812391548542,0.01492661576265514,0.0,0.1267,29391,forest
2466.24,0.02629067061345317,0.017085891063164646,0.0,0.1269,29391,forest
2471.69,0.044005940594059365,0.03033994896150071,0.0,0.1864,29391,forest
2477.13,0.03761811098635647,0.02687776143074044,0.0,0.1912,29391,forest
2482.57,0.1450282297301895,0.10872311780831612,0.0,0.6992,29391,forest
2488.01,0.1956561158177675,0.15092399496146033,0.0,1.2428,29391,forest
2493.45,0.33744671498077605,0.2584426327668315,0.0,1.4956,29391,forest
2498.89,0.09494089347079106,0.07219168913573144,0.0,0.6131,29391,forest
